,destination,price,carrier_go,duration_go,departure_go,arrival_go,stops_go,carrier_back,duration_back,departure_back,arrival_back,stops_back
0,Milan Malpensa,308.0,Wizz Air Malta,135,2025-07-01T09:15:00,2025-07-01T11:30:00,0,Wizz Air Malta,150,2025-07-10T06:00:00,2025-07-10T08:30:00,0
1,Milan Malpensa,335.92,Ryanair,130,2025-07-01T20:00:00,2025-07-01T22:10:00,0,Ryanair,145,2025-07-10T10:15:00,2025-07-10T12:40:00,0
2,Milan Bergamo,351.92,Ryanair,135,2025-07-01T06:30:00,2025-07-01T08:45:00,0,Ryanair,145,2025-07-10T22:30:00,2025-07-11T00:55:00,0
3,Milan Bergamo,351.92,Ryanair,135,2025-07-01T06:30:00,2025-07-01T08:45:00,0,Ryanair,145,2025-07-10T10:15:00,2025-07-10T12:40:00,0
4,Milan Malpensa,379.92,Ryanair,130,2025-07-01T20:00:00,2025-07-01T22:10:00,0,Ryanair,145,2025-07-10T14:40:00,2025-07-10T17:05:00,0
5,Milan Bergamo,395.92,Ryanair,135,2025-07-01T06:30:00,2025-07-01T08:45:00,0,Ryanair,145,2025-07-10T14:40:00,2025-07-10T17:05:00,0
6,Milan Malpensa,335.92,Ryanair,130,2025-07-01T20:00:00,2025-07-01T22:10:00,0,Ryanair,145,2025-07-10T22:30:00,2025-07-11T00:55:00,0
7,Milan Malpensa,260.69,Ryanair,130,2025-07-01T20:00:00,2025-07-01T22:10:00,0,Wizz Air Malta,150,2025-07-10T06:00:00,2025-07-10T08:30:00,0
8,Milan Malpensa,467.4,Wizz Air Malta,135,2025-07-01T09:15:00,2025-07-01T11:30:00,0,Iberia,140,2025-07-10T11:40:00,2025-07-10T14:00:00,0
9,Milan Bergamo,278.37,Ryanair,135,2025-07-01T06:30:00,2025-07-01T08:45:00,0,Wizz Air Malta,150,2025-07-10T06:00:00,2025-07-10T08:30:00,0
10,Milan Malpensa,230.0,Wizz Air Malta,135,2025-07-02T09:15:00,2025-07-02T11:30:00,0,Wizz Air Malta,150,2025-07-11T06:00:00,2025-07-11T08:30:00,0
11,Milan Malpensa,400.14,Iberia,130,2025-07-02T11:50:00,2025-07-02T14:00:00,0,Iberia,145,2025-07-11T10:25:00,2025-07-11T12:50:00,0
12,Milan Malpensa,404.19,Iberia,130,2025-07-02T11:50:00,2025-07-02T14:00:00,0,Iberia,140,2025-07-11T20:25:00,2025-07-11T22:45:00,0
13,Milan Linate,400.14,Iberia,130,2025-07-02T20:50:00,2025-07-02T23:00:00,0,Iberia,145,2025-07-11T10:25:00,2025-07-11T12:50:00,0
14,Milan Linate,404.19,Iberia,130,2025-07-02T08:50:00,2025-07-02T11:00:00,0,Iberia,140,2025-07-11T20:25:00,2025-07-11T22:45:00,0
15,Milan Linate,404.19,Iberia,130,2025-07-02T20:50:00,2025-07-02T23:00:00,0,Iberia,140,2025-07-11T20:25:00,2025-07-11T22:45:00,0
16,Milan Malpensa,404.19,Iberia,130,2025-07-02T07:30:00,2025-07-02T09:40:00,0,Iberia,140,2025-07-11T20:25:00,2025-07-11T22:45:00,0
17,Milan Linate,400.14,Iberia,130,2025-07-02T08:50:00,2025-07-02T11:00:00,0,Iberia,145,2025-07-11T10:25:00,2025-07-11T12:50:00,0
18,Milan Linate,433.64,Iberia,130,2025-07-02T17:30:00,2025-07-02T19:40:00,0,Iberia,140,2025-07-11T20:25:00,2025-07-11T22:45:00,0
19,Milan Malpensa,400.14,Iberia,130,2025-07-02T07:30:00,2025-07-02T09:40:00,0,Iberia,145,2025-07-11T10:25:00,2025-07-11T12:50:00,0
20,Milan Malpensa,404.19,Iberia,130,2025-07-03T11:50:00,2025-07-03T14:00:00,0,Iberia,140,2025-07-12T11:40:00,2025-07-12T14:00:00,0
21,Milan Malpensa,245.0,Wizz Air Malta,135,2025-07-03T09:15:00,2025-07-03T11:30:00,0,Wizz Air Malta,150,2025-07-12T06:00:00,2025-07-12T08:30:00,0
22,Milan Malpensa,404.19,Iberia,130,2025-07-03T16:10:00,2025-07-03T18:20:00,0,Iberia,140,2025-07-12T11:40:00,2025-07-12T14:00:00,0
23,Milan Linate,404.19,Iberia,130,2025-07-03T08:50:00,2025-07-03T11:00:00,0,Iberia,140,2025-07-12T20:25:00,2025-07-12T22:45:00,0
24,Milan Malpensa,404.19,Iberia,130,2025-07-03T11:50:00,2025-07-03T14:00:00,0,Iberia,140,2025-07-12T20:25:00,2025-07-12T22:45:00,0
25,Milan Linate,404.19,Iberia,130,2025-07-03T20:50:00,2025-07-03T23:00:00,0,Iberia,140,2025-07-12T20:25:00,2025-07-12T22:45:00,0
26,Milan Malpensa,404.19,Iberia,130,2025-07-03T16:10:00,2025-07-03T18:20:00,0,Iberia,140,2025-07-12T20:25:00,2025-07-12T22:45:00,0
27,Milan Linate,404.19,Iberia,130,2025-07-03T20:50:00,2025-07-03T23:00:00,0,Iberia,140,2025-07-12T11:40:00,2025-07-12T14:00:00,0
28,Milan Linate,404.19,Iberia,130,2025-07-03T08:50:00,2025-07-03T11:00:00,0,Iberia,140,2025-07-12T11:40:00,2025-07-12T14:00:00,0
29,Milan Linate,400.14,Iberia,130,2025-07-03T20:50:00,2025-07-03T23:00:00,0,Iberia,145,2025-07-12T10:25:00,2025-07-12T12:50:00,0
30,Milan Malpensa,219.02,Wizz Air Malta,135,2025-07-04T09:15:00,2025-07-04T11:30:00,0,Wizz Air Malta,150,2025-07-13T06:00:00,2025-07-13T08:30:00,0
31,Milan Malpensa,429.77,Iberia,130,2025-07-04T11:50:00,2025-07-04T14:00:00,0,Iberia,140,2025-07-13T11:40:00,2025-07-13T14:00:00,0
32,Milan Linate,400.32,Iberia,130,2025-07-04T08:50:00,2025-07-04T11:00:00,0,Iberia,140,2025-07-13T20:25:00,2025-07-13T22:45:00,0
33,Milan Linate,400.32,Iberia,130,2025-07-04T20:50:00,2025-07-04T23:00:00,0,Iberia,140,2025-07-13T11:40:00,2025-07-13T14:00:00,0
34,Milan Linate,400.32,Iberia,130,2025-07-04T20:50:00,2025-07-04T23:00:00,0,Iberia,140,2025-07-13T20:25:00,2025-07-13T22:45:00,0
35,Milan Linate,396.64,Iberia,130,2025-07-04T20:50:00,2025-07-04T23:00:00,0,Iberia,145,2025-07-13T10:25:00,2025-07-13T12:50:00,0
36,Milan Linate,400.32,Iberia,130,2025-07-04T08:50:00,2025-07-04T11:00:00,0,Iberia,140,2025-07-13T11:40:00,2025-07-13T14:00:00,0
37,Milan Malpensa,426.09,Iberia,130,2025-07-04T11:50:00,2025-07-04T14:00:00,0,Iberia,145,2025-07-13T10:25:00,2025-07-13T12:50:00,0
38,Milan Linate,396.64,Iberia,130,2025-07-04T08:50:00,2025-07-04T11:00:00,0,Iberia,145,2025-07-13T10:25:00,2025-07-13T12:50:00,0
39,Milan Malpensa,429.77,Iberia,130,2025-07-04T11:50:00,2025-07-04T14:00:00,0,Iberia,140,2025-07-13T20:25:00,2025-07-13T22:45:00,0
40,Milan Malpensa,400.14,Iberia,130,2025-07-05T07:30:00,2025-07-05T09:40:00,0,Iberia,145,2025-07-14T14:45:00,2025-07-14T17:10:00,0
41,Milan Linate,400.14,Iberia,130,2025-07-05T17:30:00,2025-07-05T19:40:00,0,Iberia,145,2025-07-14T14:45:00,2025-07-14T17:10:00,0
42,Milan Malpensa,404.19,Iberia,130,2025-07-05T07:30:00,2025-07-05T09:40:00,0,Iberia,140,2025-07-14T20:25:00,2025-07-14T22:45:00,0
43,Milan Malpensa,299.0,Wizz Air Malta,135,2025-07-05T09:15:00,2025-07-05T11:30:00,0,Wizz Air Malta,150,2025-07-14T06:00:00,2025-07-14T08:30:00,0
44,Milan Malpensa,429.59,Iberia,130,2025-07-05T16:10:00,2025-07-05T18:20:00,0,Iberia,145,2025-07-14T14:45:00,2025-07-14T17:10:00,0
45,Milan Linate,400.14,Iberia,130,2025-07-05T17:30:00,2025-07-05T19:40:00,0,Iberia,145,2025-07-14T10:25:00,2025-07-14T12:50:00,0
46,Milan Malpensa,356.96,Wizz Air Malta,135,2025-07-05T09:15:00,2025-07-05T11:30:00,0,Iberia,145,2025-07-14T14:45:00,2025-07-14T17:10:00,0
47,Milan Malpensa,400.14,Iberia,130,2025-07-05T07:30:00,2025-07-05T09:40:00,0,Iberia,145,2025-07-14T10:25:00,2025-07-14T12:50:00,0
48,Milan Malpensa,360.65,Wizz Air Malta,135,2025-07-05T09:15:00,2025-07-05T11:30:00,0,Iberia,140,2025-07-14T20:25:00,2025-07-14T22:45:00,0
49,Milan Malpensa,356.96,Wizz Air Malta,135,2025-07-05T09:15:00,2025-07-05T11:30:00,0,Iberia,145,2025-07-14T10:25:00,2025-07-14T12:50:00,0
50,Milan Linate,400.14,Iberia,130,2025-07-06T11:50:00,2025-07-06T14:00:00,0,Iberia,145,2025-07-15T14:45:00,2025-07-15T17:10:00,0
51,Milan Linate,400.14,Iberia,130,2025-07-06T11:50:00,2025-07-06T14:00:00,0,Iberia,145,2025-07-15T19:05:00,2025-07-15T21:30:00,0
52,Milan Linate,400.14,Iberia,130,2025-07-06T08:50:00,2025-07-06T11:00:00,0,Iberia,145,2025-07-15T19:05:00,2025-07-15T21:30:00,0
53,Milan Linate,400.14,Iberia,130,2025-07-06T08:50:00,2025-07-06T11:00:00,0,Iberia,145,2025-07-15T14:45:00,2025-07-15T17:10:00,0
54,Milan Malpensa,400.14,Iberia,130,2025-07-06T07:30:00,2025-07-06T09:40:00,0,Iberia,145,2025-07-15T19:05:00,2025-07-15T21:30:00,0
55,Milan Linate,429.59,Iberia,130,2025-07-06T11:50:00,2025-07-06T14:00:00,0,Iberia,145,2025-07-15T10:25:00,2025-07-15T12:50:00,0
56,Milan Malpensa,400.14,Iberia,130,2025-07-06T07:30:00,2025-07-06T09:40:00,0,Iberia,145,2025-07-15T14:45:00,2025-07-15T17:10:00,0
57,Milan Linate,404.19,Iberia,130,2025-07-06T08:50:00,2025-07-06T11:00:00,0,Iberia,140,2025-07-15T20:25:00,2025-07-15T22:45:00,0
58,Milan Malpensa,404.19,Iberia,130,2025-07-06T07:30:00,2025-07-06T09:40:00,0,Iberia,140,2025-07-15T20:25:00,2025-07-15T22:45:00,0
59,Milan Linate,404.19,Iberia,130,2025-07-06T11:50:00,2025-07-06T14:00:00,0,Iberia,140,2025-07-15T20:25:00,2025-07-15T22:45:00,0
60,Milan Malpensa,212.0,Wizz Air Malta,135,2025-07-07T09:15:00,2025-07-07T11:30:00,0,Wizz Air Malta,150,2025-07-16T06:00:00,2025-07-16T08:30:00,0
61,Milan Malpensa,383.92,Ryanair,130,2025-07-07T12:55:00,2025-07-07T15:05:00,0,Ryanair,145,2025-07-16T14:30:00,2025-07-16T16:55:00,0
62,Milan Malpensa,404.19,Iberia,130,2025-07-07T07:30:00,2025-07-07T09:40:00,0,Iberia,140,2025-07-16T20:25:00,2025-07-16T22:45:00,0
63,Milan Linate,404.19,Iberia,130,2025-07-07T20:50:00,2025-07-07T23:00:00,0,Iberia,140,2025-07-16T11:40:00,2025-07-16T14:00:00,0
64,Milan Linate,404.19,Iberia,130,2025-07-07T17:30:00,2025-07-07T19:40:00,0,Iberia,140,2025-07-16T20:25:00,2025-07-16T22:45:00,0
65,Milan Malpensa,404.19,Iberia,130,2025-07-07T07:30:00,2025-07-07T09:40:00,0,Iberia,140,2025-07-16T11:40:00,2025-07-16T14:00:00,0
66,Milan Linate,404.19,Iberia,130,2025-07-07T20:50:00,2025-07-07T23:00:00,0,Iberia,140,2025-07-16T20:25:00,2025-07-16T22:45:00,0
67,Milan Malpensa,331.41,Wizz Air Malta,135,2025-07-07T09:15:00,2025-07-07T11:30:00,0,Ryanair,145,2025-07-16T14:30:00,2025-07-16T16:55:00,0
68,Milan Malpensa,383.92,Ryanair,130,2025-07-07T20:15:00,2025-07-07T22:25:00,0,Ryanair,145,2025-07-16T14:30:00,2025-07-16T16:55:00,0
69,Milan Bergamo,343.92,Ryanair,135,2025-07-07T21:30:00,2025-07-07T23:45:00,0,Ryanair,145,2025-07-16T14:30:00,2025-07-16T16:55:00,0
70,Milan Malpensa,300.0,Wizz Air Malta,135,2025-07-08T09:15:00,2025-07-08T11:30:00,0,Wizz Air Malta,150,2025-07-17T06:00:00,2025-07-17T08:30:00,0
71,Milan Malpensa,367.92,Ryanair,130,2025-07-08T12:50:00,2025-07-08T15:00:00,0,Ryanair,145,2025-07-17T10:15:00,2025-07-17T12:40:00,0
72,Milan Malpensa,415.92,Ryanair,130,2025-07-08T12:50:00,2025-07-08T15:00:00,0,Ryanair,145,2025-07-17T14:40:00,2025-07-17T17:05:00,0
73,Milan Bergamo,383.92,Ryanair,135,2025-07-08T15:25:00,2025-07-08T17:40:00,0,Ryanair,145,2025-07-17T10:15:00,2025-07-17T12:40:00,0
74,Milan Malpensa,367.92,Ryanair,130,2025-07-08T12:50:00,2025-07-08T15:00:00,0,Ryanair,145,2025-07-17T22:30:00,2025-07-18T00:55:00,0
75,Milan Bergamo,383.92,Ryanair,135,2025-07-08T06:30:00,2025-07-08T08:45:00,0,Ryanair,145,2025-07-17T22:30:00,2025-07-18T00:55:00,0
76,Milan Malpensa,367.92,Ryanair,130,2025-07-08T20:00:00,2025-07-08T22:10:00,0,Ryanair,145,2025-07-17T10:15:00,2025-07-17T12:40:00,0
77,Milan Malpensa,304.89,Ryanair,130,2025-07-08T12:50:00,2025-07-08T15:00:00,0,Wizz Air Malta,150,2025-07-17T06:00:00,2025-07-17T08:30:00,0
78,Milan Bergamo,383.92,Ryanair,135,2025-07-08T06:30:00,2025-07-08T08:45:00,0,Ryanair,145,2025-07-17T10:15:00,2025-07-17T12:40:00,0
79,Milan Malpensa,415.92,Ryanair,130,2025-07-08T20:00:00,2025-07-08T22:10:00,0,Ryanair,145,2025-07-17T14:40:00,2025-07-17T17:05:00,0
80,Milan Malpensa,289.0,Wizz Air Malta,135,2025-07-09T09:15:00,2025-07-09T11:30:00,0,Wizz Air Malta,150,2025-07-18T06:00:00,2025-07-18T08:30:00,0
81,Milan Bergamo,471.92,Ryanair,135,2025-07-09T11:35:00,2025-07-09T13:50:00,0,Ryanair,145,2025-07-18T16:00:00,2025-07-18T18:25:00,0
82,Milan Malpensa,455.92,Ryanair,130,2025-07-09T20:15:00,2025-07-09T22:25:00,0,Ryanair,145,2025-07-18T16:00:00,2025-07-18T18:25:00,0
83,Milan Linate,327.0,Iberia,130,2025-07-09T08:50:00,2025-07-09T11:00:00,0,Wizz Air Malta,150,2025-07-18T06:00:00,2025-07-18T08:30:00,0
84,Milan Bergamo,507.92,Ryanair,135,2025-07-09T11:35:00,2025-07-09T13:50:00,0,Ryanair,145,2025-07-18T17:20:00,2025-07-18T19:45:00,0
85,Milan Bergamo,300.47,Ryanair,135,2025-07-09T11:35:00,2025-07-09T13:50:00,0,Wizz Air Malta,150,2025-07-18T06:00:00,2025-07-18T08:30:00,0
86,Milan Malpensa,282.79,Ryanair,130,2025-07-09T20:15:00,2025-07-09T22:25:00,0,Wizz Air Malta,150,2025-07-18T06:00:00,2025-07-18T08:30:00,0
87,Milan Bergamo,471.92,Ryanair,135,2025-07-09T11:35:00,2025-07-09T13:50:00,0,Ryanair,145,2025-07-18T09:40:00,2025-07-18T12:05:00,0
88,Milan Linate,327.0,Iberia,130,2025-07-09T20:50:00,2025-07-09T23:00:00,0,Wizz Air Malta,150,2025-07-18T06:00:00,2025-07-18T08:30:00,0
89,Milan Malpensa,327.0,Iberia,130,2025-07-09T07:30:00,2025-07-09T09:40:00,0,Wizz Air Malta,150,2025-07-18T06:00:00,2025-07-18T08:30:00,0
90,Milan Malpensa,219.0,Wizz Air Malta,135,2025-07-10T09:15:00,2025-07-10T11:30:00,0,Wizz Air Malta,150,2025-07-19T06:00:00,2025-07-19T08:30:00,0
91,Milan Malpensa,415.92,Ryanair,130,2025-07-10T13:15:00,2025-07-10T15:25:00,0,Ryanair,145,2025-07-19T18:05:00,2025-07-19T20:30:00,0
92,Milan Malpensa,415.92,Ryanair,130,2025-07-10T19:55:00,2025-07-10T22:05:00,0,Ryanair,145,2025-07-19T18:05:00,2025-07-19T20:30:00,0
93,Milan Bergamo,431.92,Ryanair,135,2025-07-10T09:20:00,2025-07-10T11:35:00,0,Ryanair,145,2025-07-19T18:05:00,2025-07-19T20:30:00,0
94,Milan Malpensa,491.92,Ryanair,130,2025-07-10T13:15:00,2025-07-10T15:25:00,0,Ryanair,145,2025-07-19T16:25:00,2025-07-19T18:50:00,0
95,Milan Malpensa,451.85,Wizz Air Malta,135,2025-07-10T09:15:00,2025-07-10T11:30:00,0,Air Europa,140,2025-07-19T16:35:00,2025-07-19T18:55:00,0
96,Milan Linate,309.0,Iberia,130,2025-07-10T20:50:00,2025-07-10T23:00:00,0,Wizz Air Malta,150,2025-07-19T06:00:00,2025-07-19T08:30:00,0
97,Milan Malpensa,307.74,Iberia,130,2025-07-10T11:50:00,2025-07-10T14:00:00,0,Wizz Air Malta,150,2025-07-19T06:00:00,2025-07-19T08:30:00,0
98,Milan Malpensa,260.69,Ryanair,130,2025-07-10T19:55:00,2025-07-10T22:05:00,0,Wizz Air Malta,150,2025-07-19T06:00:00,2025-07-19T08:30:00,0
99,Milan Malpensa,260.69,Ryanair,130,2025-07-10T13:15:00,2025-07-10T15:25:00,0,Wizz Air Malta,150,2025-07-19T06:00:00,2025-07-19T08:30:00,0
100,Milan Malpensa,239.27,Wizz Air Malta,135,2025-07-11T09:15:00,2025-07-11T11:30:00,0,Wizz Air Malta,150,2025-07-20T06:00:00,2025-07-20T08:30:00,0
101,Milan Malpensa,379.92,Ryanair,130,2025-07-11T14:45:00,2025-07-11T16:55:00,0,Ryanair,145,2025-07-20T18:45:00,2025-07-20T21:10:00,0
102,Milan Malpensa,443.92,Ryanair,130,2025-07-11T14:45:00,2025-07-11T16:55:00,0,Ryanair,145,2025-07-20T15:20:00,2025-07-20T17:45:00,0
103,Milan Malpensa,379.92,Ryanair,130,2025-07-11T05:45:00,2025-07-11T07:55:00,0,Ryanair,145,2025-07-20T18:45:00,2025-07-20T21:10:00,0
104,Milan Bergamo,447.92,Ryanair,135,2025-07-11T07:00:00,2025-07-11T09:15:00,0,Ryanair,145,2025-07-20T18:45:00,2025-07-20T21:10:00,0
105,Milan Malpensa,406.55,Wizz Air Malta,135,2025-07-11T09:15:00,2025-07-11T11:30:00,0,Ryanair,145,2025-07-20T18:45:00,2025-07-20T21:10:00,0
106,Milan Linate,327.0,Iberia,130,2025-07-11T20:50:00,2025-07-11T23:00:00,0,Wizz Air Malta,150,2025-07-20T06:00:00,2025-07-20T08:30:00,0
107,Milan Bergamo,447.92,Ryanair,135,2025-07-11T13:05:00,2025-07-11T15:20:00,0,Ryanair,145,2025-07-20T18:45:00,2025-07-20T21:10:00,0
108,Milan Malpensa,443.92,Ryanair,130,2025-07-11T05:45:00,2025-07-11T07:55:00,0,Ryanair,145,2025-07-20T15:20:00,2025-07-20T17:45:00,0
109,Milan Malpensa,443.92,Ryanair,130,2025-07-11T05:45:00,2025-07-11T07:55:00,0,Ryanair,145,2025-07-20T22:30:00,2025-07-21T00:55:00,0
110,Milan Malpensa,227.0,Wizz Air Malta,135,2025-07-12T09:15:00,2025-07-12T11:30:00,0,Wizz Air Malta,150,2025-07-21T06:00:00,2025-07-21T08:30:00,0
111,Milan Malpensa,403.92,Ryanair,130,2025-07-12T20:15:00,2025-07-12T22:25:00,0,Ryanair,145,2025-07-21T12:20:00,2025-07-21T14:45:00,0
112,Milan Linate,309.0,Iberia,130,2025-07-12T08:50:00,2025-07-12T11:00:00,0,Wizz Air Malta,150,2025-07-21T06:00:00,2025-07-21T08:30:00,0
113,Milan Malpensa,406.55,Wizz Air Malta,135,2025-07-12T09:15:00,2025-07-12T11:30:00,0,Ryanair,145,2025-07-21T12:20:00,2025-07-21T14:45:00,0
114,Milan Linate,309.0,Iberia,130,2025-07-12T17:30:00,2025-07-12T19:40:00,0,Wizz Air Malta,150,2025-07-21T06:00:00,2025-07-21T08:30:00,0
115,Milan Malpensa,307.74,Iberia,130,2025-07-12T16:10:00,2025-07-12T18:20:00,0,Wizz Air Malta,150,2025-07-21T06:00:00,2025-07-21T08:30:00,0
116,Milan Malpensa,307.74,Iberia,130,2025-07-12T07:30:00,2025-07-12T09:40:00,0,Wizz Air Malta,150,2025-07-21T06:00:00,2025-07-21T08:30:00,0
117,Milan Linate,493.05,Iberia,130,2025-07-12T08:50:00,2025-07-12T11:00:00,0,Ryanair,145,2025-07-21T12:20:00,2025-07-21T14:45:00,0
118,Milan Malpensa,493.05,Iberia,130,2025-07-12T16:10:00,2025-07-12T18:20:00,0,Ryanair,145,2025-07-21T12:20:00,2025-07-21T14:45:00,0
119,Milan Bergamo,395.92,Ryanair,135,2025-07-12T21:05:00,2025-07-12T23:20:00,0,Ryanair,145,2025-07-21T12:20:00,2025-07-21T14:45:00,0
120,Milan Malpensa,219.94,Wizz Air Malta,135,2025-07-13T09:15:00,2025-07-13T11:30:00,0,Wizz Air Malta,150,2025-07-22T06:00:00,2025-07-22T08:30:00,0
121,Milan Malpensa,383.92,Ryanair,130,2025-07-13T12:45:00,2025-07-13T14:55:00,0,Ryanair,145,2025-07-22T18:05:00,2025-07-22T20:30:00,0
122,Milan Malpensa,371.69,Wizz Air Malta,135,2025-07-13T09:15:00,2025-07-13T11:30:00,0,Air Europa,140,2025-07-22T16:35:00,2025-07-22T18:55:00,0
123,Milan Malpensa,435.92,Ryanair,130,2025-07-13T12:45:00,2025-07-13T14:55:00,0,Ryanair,145,2025-07-22T09:10:00,2025-07-22T11:35:00,0
124,Milan Linate,452.67,Iberia,130,2025-07-13T11:50:00,2025-07-13T14:00:00,0,Air Europa,140,2025-07-22T16:35:00,2025-07-22T18:55:00,0
125,Milan Malpensa,383.92,Ryanair,130,2025-07-13T19:55:00,2025-07-13T22:05:00,0,Ryanair,145,2025-07-22T18:05:00,2025-07-22T20:30:00,0
126,Milan Malpensa,435.92,Ryanair,130,2025-07-13T19:55:00,2025-07-13T22:05:00,0,Ryanair,145,2025-07-22T09:10:00,2025-07-22T11:35:00,0
127,Milan Linate,309.0,Iberia,130,2025-07-13T11:50:00,2025-07-13T14:00:00,0,Wizz Air Malta,150,2025-07-22T06:00:00,2025-07-22T08:30:00,0
128,Milan Linate,452.67,Iberia,130,2025-07-13T08:50:00,2025-07-13T11:00:00,0,Air Europa,140,2025-07-22T16:35:00,2025-07-22T18:55:00,0
129,Milan Malpensa,452.67,Iberia,130,2025-07-13T07:30:00,2025-07-13T09:40:00,0,Air Europa,140,2025-07-22T16:35:00,2025-07-22T18:55:00,0
130,Milan Malpensa,257.67,Wizz Air Malta,135,2025-07-14T09:15:00,2025-07-14T11:30:00,0,Wizz Air Malta,150,2025-07-23T06:00:00,2025-07-23T08:30:00,0
131,Milan Malpensa,499.92,Ryanair,130,2025-07-14T12:55:00,2025-07-14T15:05:00,0,Ryanair,145,2025-07-23T12:45:00,2025-07-23T15:10:00,0
132,Milan Malpensa,515.76,Ryanair,130,2025-07-14T12:55:00,2025-07-14T15:05:00,0,Ryanair,145,2025-07-23T14:30:00,2025-07-23T16:55:00,0
133,Milan Linate,349.0,Iberia,130,2025-07-14T17:30:00,2025-07-14T19:40:00,0,Wizz Air Malta,150,2025-07-23T06:00:00,2025-07-23T08:30:00,0
134,Milan Linate,349.0,Iberia,130,2025-07-14T20:50:00,2025-07-14T23:00:00,0,Wizz Air Malta,150,2025-07-23T06:00:00,2025-07-23T08:30:00,0
135,Milan Malpensa,349.0,Iberia,130,2025-07-14T07:30:00,2025-07-14T09:40:00,0,Wizz Air Malta,150,2025-07-23T06:00:00,2025-07-23T08:30:00,0
136,Milan Malpensa,499.92,Ryanair,130,2025-07-14T20:15:00,2025-07-14T22:25:00,0,Ryanair,145,2025-07-23T12:45:00,2025-07-23T15:10:00,0
137,Milan Malpensa,515.76,Ryanair,130,2025-07-14T20:15:00,2025-07-14T22:25:00,0,Ryanair,145,2025-07-23T14:30:00,2025-07-23T16:55:00,0
138,Milan Bergamo,459.92,Ryanair,135,2025-07-14T21:30:00,2025-07-14T23:45:00,0,Ryanair,145,2025-07-23T12:45:00,2025-07-23T15:10:00,0
139,Milan Malpensa,382.73,Iberia,130,2025-07-14T11:50:00,2025-07-14T14:00:00,0,Wizz Air Malta,150,2025-07-23T06:00:00,2025-07-23T08:30:00,0
140,Milan Malpensa,205.0,Wizz Air Malta,135,2025-07-15T09:15:00,2025-07-15T11:30:00,0,Wizz Air Malta,150,2025-07-24T06:00:00,2025-07-24T08:30:00,0
141,Milan Malpensa,367.92,Ryanair,130,2025-07-15T12:50:00,2025-07-15T15:00:00,0,Ryanair,145,2025-07-24T10:15:00,2025-07-24T12:40:00,0
142,Milan Bergamo,383.92,Ryanair,135,2025-07-15T15:25:00,2025-07-15T17:40:00,0,Ryanair,145,2025-07-24T10:15:00,2025-07-24T12:40:00,0
143,Milan Malpensa,367.92,Ryanair,130,2025-07-15T12:50:00,2025-07-15T15:00:00,0,Ryanair,145,2025-07-24T22:30:00,2025-07-25T00:55:00,0
144,Milan Bergamo,383.92,Ryanair,135,2025-07-15T06:30:00,2025-07-15T08:45:00,0,Ryanair,145,2025-07-24T22:30:00,2025-07-25T00:55:00,0
145,Milan Malpensa,367.92,Ryanair,130,2025-07-15T20:00:00,2025-07-15T22:10:00,0,Ryanair,145,2025-07-24T10:15:00,2025-07-24T12:40:00,0
146,Milan Malpensa,367.92,Ryanair,130,2025-07-15T20:00:00,2025-07-15T22:10:00,0,Ryanair,145,2025-07-24T22:30:00,2025-07-25T00:55:00,0
147,Milan Bergamo,383.92,Ryanair,135,2025-07-15T06:30:00,2025-07-15T08:45:00,0,Ryanair,145,2025-07-24T10:15:00,2025-07-24T12:40:00,0
148,Milan Malpensa,260.69,Ryanair,130,2025-07-15T12:50:00,2025-07-15T15:00:00,0,Wizz Air Malta,150,2025-07-24T06:00:00,2025-07-24T08:30:00,0
149,Milan Malpensa,307.0,Iberia,130,2025-07-15T11:50:00,2025-07-15T14:00:00,0,Wizz Air Malta,150,2025-07-24T06:00:00,2025-07-24T08:30:00,0
150,Milan Malpensa,228.12,Wizz Air Malta,135,2025-07-16T09:15:00,2025-07-16T11:30:00,0,Wizz Air Malta,150,2025-07-25T06:00:00,2025-07-25T08:30:00,0
151,Milan Malpensa,467.92,Ryanair,130,2025-07-16T10:10:00,2025-07-16T12:20:00,0,Ryanair,145,2025-07-25T17:20:00,2025-07-25T19:45:00,0
152,Milan Malpensa,307.0,Iberia,130,2025-07-16T11:50:00,2025-07-16T14:00:00,0,Wizz Air Malta,150,2025-07-25T06:00:00,2025-07-25T08:30:00,0
153,Milan Malpensa,467.92,Ryanair,130,2025-07-16T20:15:00,2025-07-16T22:25:00,0,Ryanair,145,2025-07-25T17:20:00,2025-07-25T19:45:00,0
154,Milan Malpensa,523.92,Ryanair,130,2025-07-16T20:15:00,2025-07-16T22:25:00,0,Ryanair,145,2025-07-25T16:00:00,2025-07-25T18:25:00,0
155,Milan Malpensa,523.92,Ryanair,130,2025-07-16T10:10:00,2025-07-16T12:20:00,0,Ryanair,145,2025-07-25T16:00:00,2025-07-25T18:25:00,0
156,Milan Linate,309.0,Iberia,130,2025-07-16T20:50:00,2025-07-16T23:00:00,0,Wizz Air Malta,150,2025-07-25T06:00:00,2025-07-25T08:30:00,0
157,Milan Bergamo,511.92,Ryanair,135,2025-07-16T11:35:00,2025-07-16T13:50:00,0,Ryanair,145,2025-07-25T17:20:00,2025-07-25T19:45:00,0
158,Milan Malpensa,467.92,Ryanair,130,2025-07-16T20:15:00,2025-07-16T22:25:00,0,Ryanair,145,2025-07-25T08:20:00,2025-07-25T10:45:00,0
159,Milan Malpensa,523.92,Ryanair,130,2025-07-16T20:15:00,2025-07-16T22:25:00,0,Ryanair,145,2025-07-25T09:40:00,2025-07-25T12:05:00,0
160,Milan Malpensa,257.0,Wizz Air Malta,135,2025-07-17T09:15:00,2025-07-17T11:30:00,0,Wizz Air Malta,150,2025-07-26T06:00:00,2025-07-26T08:30:00,0
161,Milan Malpensa,534.68,Air Europa,125,2025-07-17T15:10:00,2025-07-17T17:15:00,0,Air Europa,140,2025-07-26T16:35:00,2025-07-26T18:55:00,0
162,Milan Malpensa,479.92,Ryanair,130,2025-07-17T19:55:00,2025-07-17T22:05:00,0,Ryanair,145,2025-07-26T18:05:00,2025-07-26T20:30:00,0
163,Milan Malpensa,515.92,Ryanair,130,2025-07-17T13:15:00,2025-07-17T15:25:00,0,Ryanair,145,2025-07-26T16:25:00,2025-07-26T18:50:00,0
164,Milan Malpensa,479.92,Ryanair,130,2025-07-17T13:15:00,2025-07-17T15:25:00,0,Ryanair,145,2025-07-26T18:05:00,2025-07-26T20:30:00,0
165,Milan Linate,309.0,Iberia,130,2025-07-17T20:50:00,2025-07-17T23:00:00,0,Wizz Air Malta,150,2025-07-26T06:00:00,2025-07-26T08:30:00,0
166,Milan Malpensa,307.74,Iberia,130,2025-07-17T11:50:00,2025-07-17T14:00:00,0,Wizz Air Malta,150,2025-07-26T06:00:00,2025-07-26T08:30:00,0
167,Milan Linate,309.0,Iberia,130,2025-07-17T08:50:00,2025-07-17T11:00:00,0,Wizz Air Malta,150,2025-07-26T06:00:00,2025-07-26T08:30:00,0
168,Milan Bergamo,471.92,Ryanair,135,2025-07-17T17:45:00,2025-07-17T20:00:00,0,Ryanair,145,2025-07-26T18:05:00,2025-07-26T20:30:00,0
169,Milan Malpensa,287.21,Ryanair,130,2025-07-17T13:15:00,2025-07-17T15:25:00,0,Wizz Air Malta,150,2025-07-26T06:00:00,2025-07-26T08:30:00,0
170,Milan Malpensa,491.92,Ryanair,130,2025-07-18T14:45:00,2025-07-18T16:55:00,0,Ryanair,145,2025-07-27T15:20:00,2025-07-27T17:45:00,0
171,Milan Malpensa,328.0,Wizz Air Malta,135,2025-07-18T09:15:00,2025-07-18T11:30:00,0,Wizz Air Malta,150,2025-07-27T06:00:00,2025-07-27T08:30:00,0
172,Milan Bergamo,527.92,Ryanair,135,2025-07-18T13:05:00,2025-07-18T15:20:00,0,Ryanair,145,2025-07-27T15:20:00,2025-07-27T17:45:00,0
173,Milan Malpensa,282.79,Ryanair,130,2025-07-18T14:45:00,2025-07-18T16:55:00,0,Wizz Air Malta,150,2025-07-27T06:00:00,2025-07-27T08:30:00,0
174,Milan Linate,606.66,Iberia,130,2025-07-18T20:50:00,2025-07-18T23:00:00,0,Iberia,140,2025-07-27T20:25:00,2025-07-27T22:45:00,0
175,Milan Linate,606.66,Iberia,130,2025-07-18T08:50:00,2025-07-18T11:00:00,0,Iberia,140,2025-07-27T20:25:00,2025-07-27T22:45:00,0
176,Milan Linate,331.0,Iberia,130,2025-07-18T20:50:00,2025-07-18T23:00:00,0,Wizz Air Malta,150,2025-07-27T06:00:00,2025-07-27T08:30:00,0
177,Milan Malpensa,606.66,Iberia,130,2025-07-18T07:30:00,2025-07-18T09:40:00,0,Iberia,140,2025-07-27T20:25:00,2025-07-27T22:45:00,0
178,Milan Malpensa,282.79,Ryanair,130,2025-07-18T05:45:00,2025-07-18T07:55:00,0,Wizz Air Malta,150,2025-07-27T06:00:00,2025-07-27T08:30:00,0
179,Milan Linate,331.0,Iberia,130,2025-07-18T08:50:00,2025-07-18T11:00:00,0,Wizz Air Malta,150,2025-07-27T06:00:00,2025-07-27T08:30:00,0
180,Milan Malpensa,316.57,Wizz Air Malta,135,2025-07-19T09:15:00,2025-07-19T11:30:00,0,Wizz Air Malta,150,2025-07-28T06:00:00,2025-07-28T08:30:00,0
181,Milan Malpensa,471.92,Ryanair,130,2025-07-19T13:50:00,2025-07-19T16:00:00,0,Ryanair,145,2025-07-28T12:20:00,2025-07-28T14:45:00,0
182,Milan Linate,309.0,Iberia,130,2025-07-19T08:50:00,2025-07-19T11:00:00,0,Wizz Air Malta,150,2025-07-28T06:00:00,2025-07-28T08:30:00,0
183,Milan Bergamo,483.92,Ryanair,135,2025-07-19T14:15:00,2025-07-19T16:30:00,0,Ryanair,145,2025-07-28T12:20:00,2025-07-28T14:45:00,0
184,Milan Malpensa,513.04,Ryanair,130,2025-07-19T13:50:00,2025-07-19T16:00:00,0,Ryanair,145,2025-07-28T18:30:00,2025-07-28T20:55:00,0
185,Milan Malpensa,307.74,Iberia,130,2025-07-19T07:30:00,2025-07-19T09:40:00,0,Wizz Air Malta,150,2025-07-28T06:00:00,2025-07-28T08:30:00,0
186,Milan Linate,309.0,Iberia,130,2025-07-19T17:30:00,2025-07-19T19:40:00,0,Wizz Air Malta,150,2025-07-28T06:00:00,2025-07-28T08:30:00,0
187,Milan Malpensa,307.74,Iberia,130,2025-07-19T16:10:00,2025-07-19T18:20:00,0,Wizz Air Malta,150,2025-07-28T06:00:00,2025-07-28T08:30:00,0
188,Milan Malpensa,439.92,Ryanair,130,2025-07-19T20:15:00,2025-07-19T22:25:00,0,Ryanair,145,2025-07-28T12:20:00,2025-07-28T14:45:00,0
189,Milan Linate,309.0,Iberia,130,2025-07-19T20:50:00,2025-07-19T23:00:00,0,Wizz Air Malta,150,2025-07-28T06:00:00,2025-07-28T08:30:00,0
190,Milan Malpensa,267.0,Wizz Air Malta,135,2025-07-20T09:15:00,2025-07-20T11:30:00,0,Wizz Air Malta,150,2025-07-29T06:00:00,2025-07-29T08:30:00,0
191,Milan Malpensa,459.92,Ryanair,130,2025-07-20T12:45:00,2025-07-20T14:55:00,0,Ryanair,145,2025-07-29T09:10:00,2025-07-29T11:35:00,0
192,Milan Linate,309.0,Iberia,130,2025-07-20T08:50:00,2025-07-20T11:00:00,0,Wizz Air Malta,150,2025-07-29T06:00:00,2025-07-29T08:30:00,0
193,Milan Bergamo,343.92,Ryanair,134,2025-07-20T21:45:00,2025-07-20T23:59:00,0,Ryanair,145,2025-07-29T09:10:00,2025-07-29T11:35:00,0
194,Milan Malpensa,501.55,Wizz Air Malta,135,2025-07-20T09:15:00,2025-07-20T11:30:00,0,Air Europa,140,2025-07-29T16:35:00,2025-07-29T18:55:00,0
195,Milan Malpensa,459.92,Ryanair,130,2025-07-20T19:55:00,2025-07-20T22:05:00,0,Ryanair,145,2025-07-29T09:10:00,2025-07-29T11:35:00,0
196,Milan Bergamo,431.92,Ryanair,134,2025-07-20T21:45:00,2025-07-20T23:59:00,0,Ryanair,145,2025-07-29T18:05:00,2025-07-29T20:30:00,0
197,Milan Linate,309.0,Iberia,130,2025-07-20T20:50:00,2025-07-20T23:00:00,0,Wizz Air Malta,150,2025-07-29T06:00:00,2025-07-29T08:30:00,0
198,Milan Bergamo,459.92,Ryanair,134,2025-07-20T21:45:00,2025-07-20T23:59:00,0,Ryanair,145,2025-07-29T17:00:00,2025-07-29T19:25:00,0
199,Milan Malpensa,307.74,Iberia,130,2025-07-20T07:30:00,2025-07-20T09:40:00,0,Wizz Air Malta,150,2025-07-29T06:00:00,2025-07-29T08:30:00,0
200,Milan Bergamo,343.92,Ryanair,135,2025-07-21T09:40:00,2025-07-21T11:55:00,0,Ryanair,145,2025-07-30T14:30:00,2025-07-30T16:55:00,0
201,Milan Malpensa,383.92,Ryanair,130,2025-07-21T12:55:00,2025-07-21T15:05:00,0,Ryanair,145,2025-07-30T14:30:00,2025-07-30T16:55:00,0
202,Milan Malpensa,352.0,Wizz Air Malta,135,2025-07-21T09:15:00,2025-07-21T11:30:00,0,Wizz Air Malta,150,2025-07-30T06:00:00,2025-07-30T08:30:00,0
203,Milan Bergamo,343.92,Ryanair,135,2025-07-21T21:30:00,2025-07-21T23:45:00,0,Ryanair,145,2025-07-30T14:30:00,2025-07-30T16:55:00,0
204,Milan Malpensa,383.92,Ryanair,130,2025-07-21T20:15:00,2025-07-21T22:25:00,0,Ryanair,145,2025-07-30T14:30:00,2025-07-30T16:55:00,0
205,Milan Bergamo,459.92,Ryanair,135,2025-07-21T09:40:00,2025-07-21T11:55:00,0,Ryanair,145,2025-07-30T12:45:00,2025-07-30T15:10:00,0
206,Milan Linate,435.59,Iberia,130,2025-07-21T17:30:00,2025-07-21T19:40:00,0,Ryanair,145,2025-07-30T14:30:00,2025-07-30T16:55:00,0
207,Milan Bergamo,459.92,Ryanair,135,2025-07-21T09:40:00,2025-07-21T11:55:00,0,Ryanair,145,2025-07-30T22:50:00,2025-07-31T01:15:00,0
208,Milan Malpensa,393.29,Wizz Air Malta,135,2025-07-21T09:15:00,2025-07-21T11:30:00,0,Ryanair,145,2025-07-30T14:30:00,2025-07-30T16:55:00,0
209,Milan Malpensa,476.26,Iberia,130,2025-07-21T16:10:00,2025-07-21T18:20:00,0,Ryanair,145,2025-07-30T14:30:00,2025-07-30T16:55:00,0
210,Milan Malpensa,220.0,Wizz Air Malta,135,2025-07-22T09:15:00,2025-07-22T11:30:00,0,Wizz Air Malta,150,2025-07-31T06:00:00,2025-07-31T08:30:00,0
211,Milan Malpensa,538.36,Air Europa,125,2025-07-22T15:10:00,2025-07-22T17:15:00,0,Air Europa,140,2025-07-31T16:35:00,2025-07-31T18:55:00,0
212,Milan Malpensa,443.92,Ryanair,130,2025-07-22T12:50:00,2025-07-22T15:00:00,0,Ryanair,145,2025-07-31T10:15:00,2025-07-31T12:40:00,0
213,Milan Malpensa,260.69,Ryanair,130,2025-07-22T12:50:00,2025-07-22T15:00:00,0,Wizz Air Malta,150,2025-07-31T06:00:00,2025-07-31T08:30:00,0
214,Milan Malpensa,499.92,Ryanair,130,2025-07-22T12:50:00,2025-07-22T15:00:00,0,Ryanair,145,2025-07-31T14:40:00,2025-07-31T17:05:00,0
215,Milan Malpensa,452.77,Wizz Air Malta,135,2025-07-22T09:15:00,2025-07-22T11:30:00,0,Air Europa,140,2025-07-31T16:35:00,2025-07-31T18:55:00,0
216,Milan Linate,309.0,Iberia,130,2025-07-22T20:50:00,2025-07-22T23:00:00,0,Wizz Air Malta,150,2025-07-31T06:00:00,2025-07-31T08:30:00,0
217,Milan Linate,309.0,Iberia,130,2025-07-22T17:30:00,2025-07-22T19:40:00,0,Wizz Air Malta,150,2025-07-31T06:00:00,2025-07-31T08:30:00,0
218,Milan Malpensa,260.69,Ryanair,130,2025-07-22T20:00:00,2025-07-22T22:10:00,0,Wizz Air Malta,150,2025-07-31T06:00:00,2025-07-31T08:30:00,0
219,Milan Malpensa,307.74,Iberia,130,2025-07-22T07:30:00,2025-07-22T09:40:00,0,Wizz Air Malta,150,2025-07-31T06:00:00,2025-07-31T08:30:00,0
220,Milan Malpensa,284.36,Wizz Air Malta,135,2025-08-01T09:15:00,2025-08-01T11:30:00,0,Wizz Air Malta,150,2025-08-10T06:00:00,2025-08-10T08:30:00,0
221,Milan Bergamo,511.92,Ryanair,135,2025-08-01T13:05:00,2025-08-01T15:20:00,0,Ryanair,145,2025-08-10T15:20:00,2025-08-10T17:45:00,0
222,Milan Malpensa,443.92,Ryanair,130,2025-08-01T05:45:00,2025-08-01T07:55:00,0,Ryanair,145,2025-08-10T15:20:00,2025-08-10T17:45:00,0
223,Milan Linate,375.0,Iberia,130,2025-08-01T20:50:00,2025-08-01T23:00:00,0,Wizz Air Malta,150,2025-08-10T06:00:00,2025-08-10T08:30:00,0
224,Milan Malpensa,443.92,Ryanair,130,2025-08-01T05:45:00,2025-08-01T07:55:00,0,Ryanair,145,2025-08-10T22:30:00,2025-08-11T00:55:00,0
225,Milan Malpensa,477.27,Wizz Air Malta,135,2025-08-01T09:15:00,2025-08-01T11:30:00,0,Ryanair,145,2025-08-10T15:20:00,2025-08-10T17:45:00,0
226,Milan Linate,563.77,Iberia,130,2025-08-01T20:50:00,2025-08-01T23:00:00,0,Ryanair,145,2025-08-10T15:20:00,2025-08-10T17:45:00,0
227,Milan Bergamo,511.92,Ryanair,135,2025-08-01T13:05:00,2025-08-01T15:20:00,0,Ryanair,145,2025-08-10T22:30:00,2025-08-11T00:55:00,0
228,Milan Bergamo,511.92,Ryanair,135,2025-08-01T07:00:00,2025-08-01T09:15:00,0,Ryanair,145,2025-08-10T15:20:00,2025-08-10T17:45:00,0
229,Milan Bergamo,511.92,Ryanair,135,2025-08-01T07:00:00,2025-08-01T09:15:00,0,Ryanair,145,2025-08-10T22:30:00,2025-08-11T00:55:00,0
230,Milan Linate,400.14,Iberia,130,2025-08-02T08:50:00,2025-08-02T11:00:00,0,Iberia,145,2025-08-11T14:45:00,2025-08-11T17:10:00,0
231,Milan Linate,400.14,Iberia,130,2025-08-02T08:50:00,2025-08-02T11:00:00,0,Iberia,145,2025-08-11T19:05:00,2025-08-11T21:30:00,0
232,Milan Malpensa,400.14,Iberia,130,2025-08-02T16:10:00,2025-08-02T18:20:00,0,Iberia,145,2025-08-11T14:45:00,2025-08-11T17:10:00,0
233,Milan Malpensa,400.14,Iberia,130,2025-08-02T07:30:00,2025-08-02T09:40:00,0,Iberia,145,2025-08-11T19:05:00,2025-08-11T21:30:00,0
234,Milan Linate,404.19,Iberia,130,2025-08-02T08:50:00,2025-08-02T11:00:00,0,Iberia,140,2025-08-11T20:25:00,2025-08-11T22:45:00,0
235,Milan Linate,400.14,Iberia,130,2025-08-02T17:30:00,2025-08-02T19:40:00,0,Iberia,145,2025-08-11T14:45:00,2025-08-11T17:10:00,0
236,Milan Malpensa,404.19,Iberia,130,2025-08-02T07:30:00,2025-08-02T09:40:00,0,Iberia,140,2025-08-11T20:25:00,2025-08-11T22:45:00,0
237,Milan Malpensa,400.14,Iberia,130,2025-08-02T16:10:00,2025-08-02T18:20:00,0,Iberia,145,2025-08-11T10:25:00,2025-08-11T12:50:00,0
238,Milan Malpensa,400.14,Iberia,130,2025-08-02T07:30:00,2025-08-02T09:40:00,0,Iberia,145,2025-08-11T14:45:00,2025-08-11T17:10:00,0
239,Milan Linate,400.14,Iberia,130,2025-08-02T08:50:00,2025-08-02T11:00:00,0,Iberia,145,2025-08-11T10:25:00,2025-08-11T12:50:00,0
240,Milan Linate,357.07,Iberia,130,2025-08-03T08:50:00,2025-08-03T11:00:00,0,Iberia,145,2025-08-12T14:45:00,2025-08-12T17:10:00,0
241,Milan Linate,357.07,Iberia,130,2025-08-03T08:50:00,2025-08-03T11:00:00,0,Iberia,145,2025-08-12T19:05:00,2025-08-12T21:30:00,0
242,Milan Linate,360.75,Iberia,130,2025-08-03T08:50:00,2025-08-03T11:00:00,0,Iberia,140,2025-08-12T11:40:00,2025-08-12T14:00:00,0
243,Milan Malpensa,357.07,Iberia,130,2025-08-03T07:30:00,2025-08-03T09:40:00,0,Iberia,145,2025-08-12T19:05:00,2025-08-12T21:30:00,0
244,Milan Linate,360.75,Iberia,130,2025-08-03T08:50:00,2025-08-03T11:00:00,0,Iberia,140,2025-08-12T20:25:00,2025-08-12T22:45:00,0
245,Milan Malpensa,360.75,Iberia,130,2025-08-03T07:30:00,2025-08-03T09:40:00,0,Iberia,140,2025-08-12T20:25:00,2025-08-12T22:45:00,0
246,Milan Linate,357.07,Iberia,130,2025-08-03T08:50:00,2025-08-03T11:00:00,0,Iberia,145,2025-08-12T10:25:00,2025-08-12T12:50:00,0
247,Milan Malpensa,357.07,Iberia,130,2025-08-03T07:30:00,2025-08-03T09:40:00,0,Iberia,145,2025-08-12T14:45:00,2025-08-12T17:10:00,0
248,Milan Malpensa,360.75,Iberia,130,2025-08-03T07:30:00,2025-08-03T09:40:00,0,Iberia,140,2025-08-12T11:40:00,2025-08-12T14:00:00,0
249,Milan Malpensa,391.92,Ryanair,130,2025-08-03T12:45:00,2025-08-03T14:55:00,0,Ryanair,145,2025-08-12T17:00:00,2025-08-12T19:25:00,0
250,Milan Linate,359.65,Iberia,130,2025-08-04T17:30:00,2025-08-04T19:40:00,0,Iberia,145,2025-08-13T14:45:00,2025-08-13T17:10:00,0
251,Milan Malpensa,359.65,Iberia,130,2025-08-04T07:30:00,2025-08-04T09:40:00,0,Iberia,145,2025-08-13T19:05:00,2025-08-13T21:30:00,0
252,Milan Linate,363.7,Iberia,130,2025-08-04T17:30:00,2025-08-04T19:40:00,0,Iberia,140,2025-08-13T11:40:00,2025-08-13T14:00:00,0
253,Milan Malpensa,363.7,Iberia,130,2025-08-04T07:30:00,2025-08-04T09:40:00,0,Iberia,140,2025-08-13T20:25:00,2025-08-13T22:45:00,0
254,Milan Malpensa,359.65,Iberia,130,2025-08-04T07:30:00,2025-08-04T09:40:00,0,Iberia,145,2025-08-13T14:45:00,2025-08-13T17:10:00,0
255,Milan Malpensa,363.7,Iberia,130,2025-08-04T07:30:00,2025-08-04T09:40:00,0,Iberia,140,2025-08-13T11:40:00,2025-08-13T14:00:00,0
256,Milan Malpensa,359.65,Iberia,130,2025-08-04T07:30:00,2025-08-04T09:40:00,0,Iberia,145,2025-08-13T10:25:00,2025-08-13T12:50:00,0
257,Milan Linate,359.65,Iberia,130,2025-08-04T17:30:00,2025-08-04T19:40:00,0,Iberia,145,2025-08-13T10:25:00,2025-08-13T12:50:00,0
258,Milan Linate,359.65,Iberia,130,2025-08-04T17:30:00,2025-08-04T19:40:00,0,Iberia,145,2025-08-13T19:05:00,2025-08-13T21:30:00,0
259,Milan Linate,363.7,Iberia,130,2025-08-04T17:30:00,2025-08-04T19:40:00,0,Iberia,140,2025-08-13T20:25:00,2025-08-13T22:45:00,0
260,Milan Malpensa,363.7,Iberia,130,2025-08-05T11:50:00,2025-08-05T14:00:00,0,Iberia,140,2025-08-14T11:40:00,2025-08-14T14:00:00,0
261,Milan Malpensa,359.65,Iberia,130,2025-08-05T11:50:00,2025-08-05T14:00:00,0,Iberia,145,2025-08-14T10:25:00,2025-08-14T12:50:00,0
262,Milan Malpensa,363.7,Iberia,130,2025-08-05T16:10:00,2025-08-05T18:20:00,0,Iberia,140,2025-08-14T11:40:00,2025-08-14T14:00:00,0
263,Milan Linate,363.7,Iberia,130,2025-08-05T17:30:00,2025-08-05T19:40:00,0,Iberia,140,2025-08-14T11:40:00,2025-08-14T14:00:00,0
264,Milan Bergamo,327.92,Ryanair,135,2025-08-05T06:30:00,2025-08-05T08:45:00,0,Ryanair,145,2025-08-14T22:30:00,2025-08-15T00:55:00,0
265,Milan Malpensa,359.65,Iberia,130,2025-08-05T16:10:00,2025-08-05T18:20:00,0,Iberia,145,2025-08-14T10:25:00,2025-08-14T12:50:00,0
266,Milan Linate,359.65,Iberia,130,2025-08-05T17:30:00,2025-08-05T19:40:00,0,Iberia,145,2025-08-14T10:25:00,2025-08-14T12:50:00,0
267,Milan Malpensa,363.7,Iberia,130,2025-08-05T07:30:00,2025-08-05T09:40:00,0,Iberia,140,2025-08-14T11:40:00,2025-08-14T14:00:00,0
268,Milan Malpensa,335.92,Ryanair,130,2025-08-05T12:50:00,2025-08-05T15:00:00,0,Ryanair,145,2025-08-14T22:30:00,2025-08-15T00:55:00,0
269,Milan Malpensa,359.65,Iberia,130,2025-08-05T07:30:00,2025-08-05T09:40:00,0,Iberia,145,2025-08-14T10:25:00,2025-08-14T12:50:00,0
270,Milan Malpensa,359.65,Iberia,130,2025-08-06T16:10:00,2025-08-06T18:20:00,0,Iberia,145,2025-08-15T10:25:00,2025-08-15T12:50:00,0
271,Milan Linate,363.7,Iberia,130,2025-08-06T08:50:00,2025-08-06T11:00:00,0,Iberia,140,2025-08-15T20:25:00,2025-08-15T22:45:00,0
272,Milan Bergamo,327.92,Ryanair,135,2025-08-06T11:35:00,2025-08-06T13:50:00,0,Ryanair,145,2025-08-15T17:20:00,2025-08-15T19:45:00,0
273,Milan Malpensa,272.3,Wizz Air Malta,135,2025-08-06T09:15:00,2025-08-06T11:30:00,0,Wizz Air Malta,150,2025-08-15T06:00:00,2025-08-15T08:30:00,0
274,Milan Linate,359.65,Iberia,130,2025-08-06T08:50:00,2025-08-06T11:00:00,0,Iberia,145,2025-08-15T10:25:00,2025-08-15T12:50:00,0
275,Milan Malpensa,363.7,Iberia,130,2025-08-06T16:10:00,2025-08-06T18:20:00,0,Iberia,140,2025-08-15T20:25:00,2025-08-15T22:45:00,0
276,Milan Malpensa,363.7,Iberia,130,2025-08-06T07:30:00,2025-08-06T09:40:00,0,Iberia,140,2025-08-15T20:25:00,2025-08-15T22:45:00,0
277,Milan Linate,363.7,Iberia,130,2025-08-06T20:50:00,2025-08-06T23:00:00,0,Iberia,140,2025-08-15T20:25:00,2025-08-15T22:45:00,0
278,Milan Linate,359.65,Iberia,130,2025-08-06T20:50:00,2025-08-06T23:00:00,0,Iberia,145,2025-08-15T10:25:00,2025-08-15T12:50:00,0
279,Milan Malpensa,359.65,Iberia,130,2025-08-06T07:30:00,2025-08-06T09:40:00,0,Iberia,145,2025-08-15T10:25:00,2025-08-15T12:50:00,0
280,Milan Linate,359.65,Iberia,130,2025-08-07T08:50:00,2025-08-07T11:00:00,0,Iberia,145,2025-08-16T19:05:00,2025-08-16T21:30:00,0
281,Milan Malpensa,249.0,Wizz Air Malta,135,2025-08-07T09:15:00,2025-08-07T11:30:00,0,Wizz Air Malta,150,2025-08-16T06:00:00,2025-08-16T08:30:00,0
282,Milan Bergamo,327.92,Ryanair,135,2025-08-07T17:45:00,2025-08-07T20:00:00,0,Ryanair,145,2025-08-16T16:25:00,2025-08-16T18:50:00,0
283,Milan Linate,363.7,Iberia,130,2025-08-07T08:50:00,2025-08-07T11:00:00,0,Iberia,140,2025-08-16T11:40:00,2025-08-16T14:00:00,0
284,Milan Linate,359.65,Iberia,130,2025-08-07T08:50:00,2025-08-07T11:00:00,0,Iberia,145,2025-08-16T10:25:00,2025-08-16T12:50:00,0
285,Milan Malpensa,359.65,Iberia,130,2025-08-07T07:30:00,2025-08-07T09:40:00,0,Iberia,145,2025-08-16T19:05:00,2025-08-16T21:30:00,0
286,Milan Linate,363.7,Iberia,130,2025-08-07T08:50:00,2025-08-07T11:00:00,0,Iberia,140,2025-08-16T20:25:00,2025-08-16T22:45:00,0
287,Milan Bergamo,327.92,Ryanair,135,2025-08-07T09:20:00,2025-08-07T11:35:00,0,Ryanair,145,2025-08-16T16:25:00,2025-08-16T18:50:00,0
288,Milan Malpensa,363.7,Iberia,130,2025-08-07T07:30:00,2025-08-07T09:40:00,0,Iberia,140,2025-08-16T20:25:00,2025-08-16T22:45:00,0
289,Milan Malpensa,363.7,Iberia,130,2025-08-07T07:30:00,2025-08-07T09:40:00,0,Iberia,140,2025-08-16T11:40:00,2025-08-16T14:00:00,0
290,Milan Malpensa,222.0,Wizz Air Malta,135,2025-08-08T09:15:00,2025-08-08T11:30:00,0,Wizz Air Malta,150,2025-08-17T06:00:00,2025-08-17T08:30:00,0
291,Milan Malpensa,367.92,Ryanair,130,2025-08-08T14:45:00,2025-08-08T16:55:00,0,Ryanair,145,2025-08-17T15:20:00,2025-08-17T17:45:00,0
292,Milan Bergamo,379.92,Ryanair,135,2025-08-08T13:05:00,2025-08-08T15:20:00,0,Ryanair,145,2025-08-17T15:20:00,2025-08-17T17:45:00,0
293,Milan Malpensa,331.41,Wizz Air Malta,135,2025-08-08T09:15:00,2025-08-08T11:30:00,0,Ryanair,145,2025-08-17T15:20:00,2025-08-17T17:45:00,0
294,Milan Bergamo,379.92,Ryanair,135,2025-08-08T07:00:00,2025-08-08T09:15:00,0,Ryanair,145,2025-08-17T15:20:00,2025-08-17T17:45:00,0
295,Milan Linate,309.0,Iberia,130,2025-08-08T20:50:00,2025-08-08T23:00:00,0,Wizz Air Malta,150,2025-08-17T06:00:00,2025-08-17T08:30:00,0
296,Milan Malpensa,367.92,Ryanair,130,2025-08-08T14:45:00,2025-08-08T16:55:00,0,Ryanair,145,2025-08-17T22:30:00,2025-08-18T00:55:00,0
297,Milan Bergamo,379.92,Ryanair,135,2025-08-08T07:00:00,2025-08-08T09:15:00,0,Ryanair,145,2025-08-17T22:30:00,2025-08-18T00:55:00,0
298,Milan Linate,417.91,Iberia,130,2025-08-08T20:50:00,2025-08-08T23:00:00,0,Ryanair,145,2025-08-17T15:20:00,2025-08-17T17:45:00,0
299,Milan Malpensa,367.92,Ryanair,130,2025-08-08T05:45:00,2025-08-08T07:55:00,0,Ryanair,145,2025-08-17T15:20:00,2025-08-17T17:45:00,0
300,Milan Malpensa,227.0,Wizz Air Malta,135,2025-08-09T09:15:00,2025-08-09T11:30:00,0,Wizz Air Malta,150,2025-08-18T06:00:00,2025-08-18T08:30:00,0
301,Milan Malpensa,252.0,Iberia,130,2025-08-09T16:10:00,2025-08-09T18:20:00,0,Wizz Air Malta,150,2025-08-18T06:00:00,2025-08-18T08:30:00,0
302,Milan Malpensa,406.55,Wizz Air Malta,135,2025-08-09T09:15:00,2025-08-09T11:30:00,0,Ryanair,145,2025-08-18T18:30:00,2025-08-18T20:55:00,0
303,Milan Linate,253.0,Iberia,130,2025-08-09T17:30:00,2025-08-09T19:40:00,0,Wizz Air Malta,150,2025-08-18T06:00:00,2025-08-18T08:30:00,0
304,Milan Malpensa,391.92,Ryanair,130,2025-08-09T20:15:00,2025-08-09T22:25:00,0,Ryanair,145,2025-08-18T09:55:00,2025-08-18T12:20:00,0
305,Milan Linate,253.0,Iberia,130,2025-08-09T20:50:00,2025-08-09T23:00:00,0,Wizz Air Malta,150,2025-08-18T06:00:00,2025-08-18T08:30:00,0
306,Milan Bergamo,403.92,Ryanair,135,2025-08-09T21:05:00,2025-08-09T23:20:00,0,Ryanair,145,2025-08-18T09:55:00,2025-08-18T12:20:00,0
307,Milan Malpensa,406.55,Wizz Air Malta,135,2025-08-09T09:15:00,2025-08-09T11:30:00,0,Ryanair,145,2025-08-18T12:20:00,2025-08-18T14:45:00,0
308,Milan Malpensa,387.5,Iberia,130,2025-08-09T16:10:00,2025-08-09T18:20:00,0,Ryanair,145,2025-08-18T09:55:00,2025-08-18T12:20:00,0
309,Milan Linate,387.5,Iberia,130,2025-08-09T17:30:00,2025-08-09T19:40:00,0,Ryanair,145,2025-08-18T09:55:00,2025-08-18T12:20:00,0
310,Milan Malpensa,206.14,Wizz Air Malta,135,2025-08-10T09:15:00,2025-08-10T11:30:00,0,Wizz Air Malta,150,2025-08-19T06:00:00,2025-08-19T08:30:00,0
311,Milan Malpensa,316.57,Iberia,130,2025-08-10T07:30:00,2025-08-10T09:40:00,0,Iberia,145,2025-08-19T19:05:00,2025-08-19T21:30:00,0
312,Milan Malpensa,316.57,Iberia,130,2025-08-10T07:30:00,2025-08-10T09:40:00,0,Iberia,145,2025-08-19T14:45:00,2025-08-19T17:10:00,0
313,Milan Linate,357.07,Iberia,130,2025-08-10T20:50:00,2025-08-10T23:00:00,0,Iberia,145,2025-08-19T14:45:00,2025-08-19T17:10:00,0
314,Milan Linate,360.75,Iberia,130,2025-08-10T20:50:00,2025-08-10T23:00:00,0,Iberia,140,2025-08-19T11:40:00,2025-08-19T14:00:00,0
315,Milan Malpensa,320.25,Iberia,130,2025-08-10T07:30:00,2025-08-10T09:40:00,0,Iberia,140,2025-08-19T20:25:00,2025-08-19T22:45:00,0
316,Milan Malpensa,320.25,Iberia,130,2025-08-10T07:30:00,2025-08-10T09:40:00,0,Iberia,140,2025-08-19T11:40:00,2025-08-19T14:00:00,0
317,Milan Malpensa,316.57,Iberia,130,2025-08-10T07:30:00,2025-08-10T09:40:00,0,Iberia,145,2025-08-19T10:25:00,2025-08-19T12:50:00,0
318,Milan Linate,357.07,Iberia,130,2025-08-10T20:50:00,2025-08-10T23:00:00,0,Iberia,145,2025-08-19T19:05:00,2025-08-19T21:30:00,0
319,Milan Linate,360.75,Iberia,130,2025-08-10T20:50:00,2025-08-10T23:00:00,0,Iberia,140,2025-08-19T20:25:00,2025-08-19T22:45:00,0
320,Milan Linate,319.16,Iberia,130,2025-08-11T17:30:00,2025-08-11T19:40:00,0,Iberia,145,2025-08-20T14:45:00,2025-08-20T17:10:00,0
321,Milan Malpensa,319.16,Iberia,130,2025-08-11T07:30:00,2025-08-11T09:40:00,0,Iberia,145,2025-08-20T19:05:00,2025-08-20T21:30:00,0
322,Milan Malpensa,241.0,Wizz Air Malta,135,2025-08-11T09:15:00,2025-08-11T11:30:00,0,Wizz Air Malta,150,2025-08-20T06:00:00,2025-08-20T08:30:00,0
323,Milan Linate,323.21,Iberia,130,2025-08-11T17:30:00,2025-08-11T19:40:00,0,Iberia,140,2025-08-20T11:40:00,2025-08-20T14:00:00,0
324,Milan Linate,319.16,Iberia,130,2025-08-11T17:30:00,2025-08-11T19:40:00,0,Iberia,145,2025-08-20T10:25:00,2025-08-20T12:50:00,0
325,Milan Malpensa,319.16,Iberia,130,2025-08-11T07:30:00,2025-08-11T09:40:00,0,Iberia,145,2025-08-20T14:45:00,2025-08-20T17:10:00,0
326,Milan Linate,319.16,Iberia,130,2025-08-11T17:30:00,2025-08-11T19:40:00,0,Iberia,145,2025-08-20T19:05:00,2025-08-20T21:30:00,0
327,Milan Malpensa,323.21,Iberia,130,2025-08-11T07:30:00,2025-08-11T09:40:00,0,Iberia,140,2025-08-20T20:25:00,2025-08-20T22:45:00,0
328,Milan Malpensa,323.21,Iberia,130,2025-08-11T07:30:00,2025-08-11T09:40:00,0,Iberia,140,2025-08-20T11:40:00,2025-08-20T14:00:00,0
329,Milan Malpensa,319.16,Iberia,130,2025-08-11T07:30:00,2025-08-11T09:40:00,0,Iberia,145,2025-08-20T10:25:00,2025-08-20T12:50:00,0
330,Milan Malpensa,319.16,Iberia,130,2025-08-12T11:50:00,2025-08-12T14:00:00,0,Iberia,145,2025-08-21T10:25:00,2025-08-21T12:50:00,0
331,Milan Malpensa,219.0,Wizz Air Malta,135,2025-08-12T09:15:00,2025-08-12T11:30:00,0,Wizz Air Malta,150,2025-08-21T06:00:00,2025-08-21T08:30:00,0
332,Milan Malpensa,319.16,Iberia,130,2025-08-12T16:10:00,2025-08-12T18:20:00,0,Iberia,145,2025-08-21T10:25:00,2025-08-21T12:50:00,0
333,Milan Linate,319.16,Iberia,130,2025-08-12T17:30:00,2025-08-12T19:40:00,0,Iberia,145,2025-08-21T10:25:00,2025-08-21T12:50:00,0
334,Milan Malpensa,319.16,Iberia,130,2025-08-12T07:30:00,2025-08-12T09:40:00,0,Iberia,145,2025-08-21T10:25:00,2025-08-21T12:50:00,0
335,Milan Linate,319.16,Iberia,130,2025-08-12T20:50:00,2025-08-12T23:00:00,0,Iberia,145,2025-08-21T10:25:00,2025-08-21T12:50:00,0
336,Milan Malpensa,323.21,Iberia,130,2025-08-12T11:50:00,2025-08-12T14:00:00,0,Iberia,140,2025-08-21T07:50:00,2025-08-21T10:10:00,0
337,Milan Malpensa,348.78,Wizz Air Malta,135,2025-08-12T09:15:00,2025-08-12T11:30:00,0,Air Europa,140,2025-08-21T16:35:00,2025-08-21T18:55:00,0
338,Milan Linate,323.21,Iberia,130,2025-08-12T17:30:00,2025-08-12T19:40:00,0,Iberia,140,2025-08-21T07:50:00,2025-08-21T10:10:00,0
339,Milan Malpensa,323.21,Iberia,130,2025-08-12T16:10:00,2025-08-12T18:20:00,0,Iberia,140,2025-08-21T07:50:00,2025-08-21T10:10:00,0
340,Milan Malpensa,359.65,Iberia,130,2025-08-13T11:50:00,2025-08-13T14:00:00,0,Iberia,145,2025-08-22T10:25:00,2025-08-22T12:50:00,0
341,Milan Malpensa,363.7,Iberia,130,2025-08-13T11:50:00,2025-08-13T14:00:00,0,Iberia,140,2025-08-22T20:25:00,2025-08-22T22:45:00,0
342,Milan Malpensa,359.65,Iberia,130,2025-08-13T16:10:00,2025-08-13T18:20:00,0,Iberia,145,2025-08-22T10:25:00,2025-08-22T12:50:00,0
343,Milan Linate,363.7,Iberia,130,2025-08-13T08:50:00,2025-08-13T11:00:00,0,Iberia,140,2025-08-22T20:25:00,2025-08-22T22:45:00,0
344,Milan Malpensa,363.7,Iberia,130,2025-08-13T07:30:00,2025-08-13T09:40:00,0,Iberia,140,2025-08-22T20:25:00,2025-08-22T22:45:00,0
345,Milan Malpensa,363.7,Iberia,130,2025-08-13T16:10:00,2025-08-13T18:20:00,0,Iberia,140,2025-08-22T20:25:00,2025-08-22T22:45:00,0
346,Milan Linate,363.7,Iberia,130,2025-08-13T20:50:00,2025-08-13T23:00:00,0,Iberia,140,2025-08-22T20:25:00,2025-08-22T22:45:00,0
347,Milan Malpensa,292.0,Wizz Air Malta,135,2025-08-13T09:15:00,2025-08-13T11:30:00,0,Wizz Air Malta,150,2025-08-22T06:00:00,2025-08-22T08:30:00,0
348,Milan Linate,359.65,Iberia,130,2025-08-13T08:50:00,2025-08-13T11:00:00,0,Iberia,145,2025-08-22T10:25:00,2025-08-22T12:50:00,0
349,Milan Linate,359.65,Iberia,130,2025-08-13T20:50:00,2025-08-13T23:00:00,0,Iberia,145,2025-08-22T10:25:00,2025-08-22T12:50:00,0
350,Milan Malpensa,360.75,Iberia,130,2025-08-14T11:50:00,2025-08-14T14:00:00,0,Iberia,140,2025-08-23T11:40:00,2025-08-23T14:00:00,0
351,Milan Malpensa,360.75,Iberia,130,2025-08-14T16:10:00,2025-08-14T18:20:00,0,Iberia,140,2025-08-23T11:40:00,2025-08-23T14:00:00,0
352,Milan Malpensa,360.75,Iberia,130,2025-08-14T11:50:00,2025-08-14T14:00:00,0,Iberia,140,2025-08-23T20:25:00,2025-08-23T22:45:00,0
353,Milan Linate,360.75,Iberia,130,2025-08-14T20:50:00,2025-08-14T23:00:00,0,Iberia,140,2025-08-23T20:25:00,2025-08-23T22:45:00,0
354,Milan Malpensa,357.07,Iberia,130,2025-08-14T11:50:00,2025-08-14T14:00:00,0,Iberia,145,2025-08-23T10:25:00,2025-08-23T12:50:00,0
355,Milan Malpensa,360.75,Iberia,130,2025-08-14T16:10:00,2025-08-14T18:20:00,0,Iberia,140,2025-08-23T20:25:00,2025-08-23T22:45:00,0
356,Milan Linate,360.75,Iberia,130,2025-08-14T20:50:00,2025-08-14T23:00:00,0,Iberia,140,2025-08-23T11:40:00,2025-08-23T14:00:00,0
357,Milan Malpensa,357.07,Iberia,130,2025-08-14T16:10:00,2025-08-14T18:20:00,0,Iberia,145,2025-08-23T10:25:00,2025-08-23T12:50:00,0
358,Milan Linate,357.07,Iberia,130,2025-08-14T20:50:00,2025-08-14T23:00:00,0,Iberia,145,2025-08-23T10:25:00,2025-08-23T12:50:00,0
359,Milan Malpensa,360.75,Iberia,130,2025-08-14T07:30:00,2025-08-14T09:40:00,0,Iberia,140,2025-08-23T20:25:00,2025-08-23T22:45:00,0
360,Milan Malpensa,327.52,Wizz Air Malta,135,2025-08-15T09:15:00,2025-08-15T11:30:00,0,Iberia,145,2025-08-24T10:25:00,2025-08-24T12:50:00,0
361,Milan Malpensa,443.92,Ryanair,130,2025-08-15T14:45:00,2025-08-15T16:55:00,0,Ryanair,145,2025-08-24T15:20:00,2025-08-24T17:45:00,0
362,Milan Malpensa,331.41,Wizz Air Malta,135,2025-08-15T09:15:00,2025-08-15T11:30:00,0,Ryanair,145,2025-08-24T15:20:00,2025-08-24T17:45:00,0
363,Milan Malpensa,382.73,Wizz Air Malta,135,2025-08-15T09:15:00,2025-08-15T11:30:00,0,Iberia,140,2025-08-24T20:25:00,2025-08-24T22:45:00,0
364,Milan Malpensa,325.0,Wizz Air Malta,135,2025-08-15T09:15:00,2025-08-15T11:30:00,0,Wizz Air Malta,150,2025-08-24T06:00:00,2025-08-24T08:30:00,0
365,Milan Malpensa,349.09,Wizz Air Malta,135,2025-08-15T09:15:00,2025-08-15T11:30:00,0,Ryanair,145,2025-08-24T18:45:00,2025-08-24T21:10:00,0
366,Milan Malpensa,459.92,Ryanair,130,2025-08-15T14:45:00,2025-08-15T16:55:00,0,Ryanair,145,2025-08-24T18:45:00,2025-08-24T21:10:00,0
367,Milan Malpensa,331.41,Wizz Air Malta,135,2025-08-15T09:15:00,2025-08-15T11:30:00,0,Ryanair,145,2025-08-24T22:30:00,2025-08-25T00:55:00,0
368,Milan Bergamo,499.92,Ryanair,135,2025-08-15T13:05:00,2025-08-15T15:20:00,0,Ryanair,145,2025-08-24T15:20:00,2025-08-24T17:45:00,0
369,Milan Bergamo,515.92,Ryanair,135,2025-08-15T13:05:00,2025-08-15T15:20:00,0,Ryanair,145,2025-08-24T18:45:00,2025-08-24T21:10:00,0
370,Milan Malpensa,249.0,Wizz Air Malta,135,2025-08-16T09:15:00,2025-08-16T11:30:00,0,Wizz Air Malta,150,2025-08-25T06:00:00,2025-08-25T08:30:00,0
371,Milan Malpensa,327.52,Wizz Air Malta,135,2025-08-16T09:15:00,2025-08-16T11:30:00,0,Iberia,145,2025-08-25T14:45:00,2025-08-25T17:10:00,0
372,Milan Malpensa,327.52,Wizz Air Malta,135,2025-08-16T09:15:00,2025-08-16T11:30:00,0,Iberia,145,2025-08-25T19:05:00,2025-08-25T21:30:00,0
373,Milan Malpensa,567.92,Ryanair,130,2025-08-16T13:50:00,2025-08-16T16:00:00,0,Ryanair,145,2025-08-25T12:20:00,2025-08-25T14:45:00,0
374,Milan Malpensa,331.2,Wizz Air Malta,135,2025-08-16T09:15:00,2025-08-16T11:30:00,0,Iberia,140,2025-08-25T20:25:00,2025-08-25T22:45:00,0
375,Milan Malpensa,327.52,Wizz Air Malta,135,2025-08-16T09:15:00,2025-08-16T11:30:00,0,Iberia,145,2025-08-25T10:25:00,2025-08-25T12:50:00,0
376,Milan Bergamo,571.92,Ryanair,135,2025-08-16T14:15:00,2025-08-16T16:30:00,0,Ryanair,145,2025-08-25T12:20:00,2025-08-25T14:45:00,0
377,Milan Malpensa,551.92,Ryanair,130,2025-08-16T13:50:00,2025-08-16T16:00:00,0,Ryanair,145,2025-08-25T09:55:00,2025-08-25T12:20:00,0
378,Milan Malpensa,349.09,Wizz Air Malta,135,2025-08-16T09:15:00,2025-08-16T11:30:00,0,Ryanair,145,2025-08-25T12:20:00,2025-08-25T14:45:00,0
379,Milan Bergamo,555.92,Ryanair,135,2025-08-16T14:15:00,2025-08-16T16:30:00,0,Ryanair,145,2025-08-25T09:55:00,2025-08-25T12:20:00,0
380,Milan Malpensa,245.0,Wizz Air Malta,135,2025-08-17T09:15:00,2025-08-17T11:30:00,0,Wizz Air Malta,150,2025-08-26T06:00:00,2025-08-26T08:30:00,0
381,Milan Malpensa,345.92,Wizz Air Malta,135,2025-08-17T09:15:00,2025-08-17T11:30:00,0,Iberia,145,2025-08-26T14:45:00,2025-08-26T17:10:00,0
382,Milan Malpensa,345.92,Wizz Air Malta,135,2025-08-17T09:15:00,2025-08-17T11:30:00,0,Iberia,145,2025-08-26T19:05:00,2025-08-26T21:30:00,0
383,Milan Malpensa,551.92,Ryanair,130,2025-08-17T12:45:00,2025-08-17T14:55:00,0,Ryanair,145,2025-08-26T17:00:00,2025-08-26T19:25:00,0
384,Milan Malpensa,551.92,Ryanair,130,2025-08-17T12:45:00,2025-08-17T14:55:00,0,Ryanair,145,2025-08-26T09:50:00,2025-08-26T12:15:00,0
385,Milan Malpensa,349.6,Wizz Air Malta,135,2025-08-17T09:15:00,2025-08-17T11:30:00,0,Iberia,140,2025-08-26T11:40:00,2025-08-26T14:00:00,0
386,Milan Malpensa,567.92,Ryanair,130,2025-08-17T12:45:00,2025-08-17T14:55:00,0,Ryanair,145,2025-08-26T09:10:00,2025-08-26T11:35:00,0
387,Milan Malpensa,365.35,Wizz Air Malta,135,2025-08-17T09:15:00,2025-08-17T11:30:00,0,Air Europa,140,2025-08-26T16:35:00,2025-08-26T18:55:00,0
388,Milan Malpensa,349.6,Wizz Air Malta,135,2025-08-17T09:15:00,2025-08-17T11:30:00,0,Iberia,140,2025-08-26T20:25:00,2025-08-26T22:45:00,0
389,Milan Malpensa,345.92,Wizz Air Malta,135,2025-08-17T09:15:00,2025-08-17T11:30:00,0,Iberia,145,2025-08-26T10:25:00,2025-08-26T12:50:00,0
390,Milan Malpensa,286.0,Wizz Air Malta,135,2025-08-18T09:15:00,2025-08-18T11:30:00,0,Wizz Air Malta,150,2025-08-27T06:00:00,2025-08-27T08:30:00,0
391,Milan Malpensa,345.92,Wizz Air Malta,135,2025-08-18T09:15:00,2025-08-18T11:30:00,0,Iberia,145,2025-08-27T19:05:00,2025-08-27T21:30:00,0
392,Milan Malpensa,566.16,Iberia,130,2025-08-18T16:10:00,2025-08-18T18:20:00,0,Iberia,140,2025-08-27T11:40:00,2025-08-27T14:00:00,0
393,Milan Malpensa,345.92,Wizz Air Malta,135,2025-08-18T09:15:00,2025-08-18T11:30:00,0,Iberia,145,2025-08-27T14:45:00,2025-08-27T17:10:00,0
394,Milan Malpensa,349.6,Wizz Air Malta,135,2025-08-18T09:15:00,2025-08-18T11:30:00,0,Iberia,140,2025-08-27T11:40:00,2025-08-27T14:00:00,0
395,Milan Malpensa,349.6,Wizz Air Malta,135,2025-08-18T09:15:00,2025-08-18T11:30:00,0,Iberia,140,2025-08-27T20:25:00,2025-08-27T22:45:00,0
396,Milan Malpensa,345.92,Wizz Air Malta,135,2025-08-18T09:15:00,2025-08-18T11:30:00,0,Iberia,145,2025-08-27T10:25:00,2025-08-27T12:50:00,0
397,Milan Malpensa,551.92,Ryanair,130,2025-08-18T12:55:00,2025-08-18T15:05:00,0,Ryanair,145,2025-08-27T12:45:00,2025-08-27T15:10:00,0
398,Milan Malpensa,349.09,Wizz Air Malta,135,2025-08-18T09:15:00,2025-08-18T11:30:00,0,Ryanair,145,2025-08-27T12:45:00,2025-08-27T15:10:00,0
399,Milan Malpensa,366.77,Wizz Air Malta,135,2025-08-18T09:15:00,2025-08-18T11:30:00,0,Ryanair,145,2025-08-27T14:30:00,2025-08-27T16:55:00,0
400,Milan Malpensa,267.0,Wizz Air Malta,135,2025-08-19T09:15:00,2025-08-19T11:30:00,0,Wizz Air Malta,150,2025-08-28T06:00:00,2025-08-28T08:30:00,0
401,Milan Malpensa,348.78,Wizz Air Malta,135,2025-08-19T09:15:00,2025-08-19T11:30:00,0,Air Europa,140,2025-08-28T16:35:00,2025-08-28T18:55:00,0
402,Milan Malpensa,331.2,Wizz Air Malta,135,2025-08-19T09:15:00,2025-08-19T11:30:00,0,Iberia,145,2025-08-28T10:25:00,2025-08-28T12:50:00,0
403,Milan Malpensa,491.92,Ryanair,130,2025-08-19T12:50:00,2025-08-19T15:00:00,0,Ryanair,145,2025-08-28T10:15:00,2025-08-28T12:40:00,0
404,Milan Bergamo,455.92,Ryanair,135,2025-08-19T15:25:00,2025-08-19T17:40:00,0,Ryanair,145,2025-08-28T10:15:00,2025-08-28T12:40:00,0
405,Milan Malpensa,419.54,Wizz Air Malta,135,2025-08-19T09:15:00,2025-08-19T11:30:00,0,Iberia,145,2025-08-28T19:05:00,2025-08-28T21:30:00,0
406,Milan Malpensa,423.22,Wizz Air Malta,135,2025-08-19T09:15:00,2025-08-19T11:30:00,0,Iberia,140,2025-08-28T20:25:00,2025-08-28T22:45:00,0
407,Milan Malpensa,491.92,Ryanair,130,2025-08-19T20:00:00,2025-08-19T22:10:00,0,Ryanair,145,2025-08-28T10:15:00,2025-08-28T12:40:00,0
408,Milan Malpensa,386.41,Wizz Air Malta,135,2025-08-19T09:15:00,2025-08-19T11:30:00,0,Iberia,140,2025-08-28T11:40:00,2025-08-28T14:00:00,0
409,Milan Malpensa,419.54,Wizz Air Malta,135,2025-08-19T09:15:00,2025-08-19T11:30:00,0,Iberia,145,2025-08-28T14:45:00,2025-08-28T17:10:00,0
410,Milan Malpensa,271.0,Wizz Air Malta,135,2025-08-20T09:15:00,2025-08-20T11:30:00,0,Wizz Air Malta,150,2025-08-29T06:00:00,2025-08-29T08:30:00,0
411,Milan Malpensa,386.41,Wizz Air Malta,135,2025-08-20T09:15:00,2025-08-20T11:30:00,0,Iberia,140,2025-08-29T20:25:00,2025-08-29T22:45:00,0
412,Milan Bergamo,511.92,Ryanair,135,2025-08-20T11:35:00,2025-08-20T13:50:00,0,Ryanair,145,2025-08-29T17:20:00,2025-08-29T19:45:00,0
413,Milan Malpensa,382.73,Wizz Air Malta,135,2025-08-20T09:15:00,2025-08-20T11:30:00,0,Iberia,145,2025-08-29T10:25:00,2025-08-29T12:50:00,0
414,Milan Malpensa,419.54,Wizz Air Malta,135,2025-08-20T09:15:00,2025-08-20T11:30:00,0,Iberia,145,2025-08-29T14:45:00,2025-08-29T17:10:00,0
415,Milan Malpensa,423.22,Wizz Air Malta,135,2025-08-20T09:15:00,2025-08-20T11:30:00,0,Iberia,140,2025-08-29T11:40:00,2025-08-29T14:00:00,0
416,Milan Linate,606.66,Iberia,130,2025-08-20T17:30:00,2025-08-20T19:40:00,0,Iberia,140,2025-08-29T07:50:00,2025-08-29T10:10:00,0
417,Milan Malpensa,419.54,Wizz Air Malta,135,2025-08-20T09:15:00,2025-08-20T11:30:00,0,Iberia,145,2025-08-29T19:05:00,2025-08-29T21:30:00,0
418,Milan Malpensa,393.29,Wizz Air Malta,135,2025-08-20T09:15:00,2025-08-20T11:30:00,0,Ryanair,145,2025-08-29T17:20:00,2025-08-29T19:45:00,0
419,Milan Linate,606.66,Iberia,130,2025-08-20T20:50:00,2025-08-20T23:00:00,0,Iberia,140,2025-08-29T07:50:00,2025-08-29T10:10:00,0
420,Milan Malpensa,371.69,Wizz Air Malta,135,2025-08-21T09:15:00,2025-08-21T11:30:00,0,Iberia,145,2025-08-30T19:05:00,2025-08-30T21:30:00,0
421,Milan Malpensa,375.37,Wizz Air Malta,135,2025-08-21T09:15:00,2025-08-21T11:30:00,0,Iberia,140,2025-08-30T11:40:00,2025-08-30T14:00:00,0
422,Milan Malpensa,375.37,Wizz Air Malta,135,2025-08-21T09:15:00,2025-08-21T11:30:00,0,Iberia,140,2025-08-30T20:25:00,2025-08-30T22:45:00,0
423,Milan Malpensa,515.92,Ryanair,130,2025-08-21T13:15:00,2025-08-21T15:25:00,0,Ryanair,145,2025-08-30T16:25:00,2025-08-30T18:50:00,0
424,Milan Bergamo,523.92,Ryanair,135,2025-08-21T17:45:00,2025-08-21T20:00:00,0,Ryanair,145,2025-08-30T16:25:00,2025-08-30T18:50:00,0
425,Milan Malpensa,515.92,Ryanair,130,2025-08-21T19:55:00,2025-08-21T22:05:00,0,Ryanair,145,2025-08-30T16:25:00,2025-08-30T18:50:00,0
426,Milan Malpensa,388.35,Wizz Air Malta,135,2025-08-21T09:15:00,2025-08-21T11:30:00,0,Air Europa,140,2025-08-30T16:35:00,2025-08-30T18:55:00,0
427,Milan Malpensa,371.69,Wizz Air Malta,135,2025-08-21T09:15:00,2025-08-21T11:30:00,0,Iberia,145,2025-08-30T10:25:00,2025-08-30T12:50:00,0
428,Milan Malpensa,379.0,Wizz Air Malta,135,2025-08-21T09:15:00,2025-08-21T11:30:00,0,Wizz Air Malta,150,2025-08-30T06:00:00,2025-08-30T08:30:00,0
429,Milan Bergamo,479.92,Ryanair,135,2025-08-21T09:20:00,2025-08-21T11:35:00,0,Ryanair,145,2025-08-30T16:25:00,2025-08-30T18:50:00,0
430,Milan Malpensa,267.0,Wizz Air Malta,135,2025-08-22T09:15:00,2025-08-22T11:30:00,0,Wizz Air Malta,150,2025-08-31T06:00:00,2025-08-31T08:30:00,0
431,Milan Malpensa,515.92,Ryanair,130,2025-08-22T14:45:00,2025-08-22T16:55:00,0,Ryanair,145,2025-08-31T15:20:00,2025-08-31T17:45:00,0
432,Milan Malpensa,357.93,Wizz Air Malta,135,2025-08-22T09:15:00,2025-08-22T11:30:00,0,Ryanair,145,2025-08-31T15:20:00,2025-08-31T17:45:00,0
433,Milan Malpensa,357.93,Wizz Air Malta,135,2025-08-22T09:15:00,2025-08-22T11:30:00,0,Ryanair,145,2025-08-31T22:30:00,2025-09-01T00:55:00,0
434,Milan Malpensa,595.92,Ryanair,130,2025-08-22T14:45:00,2025-08-22T16:55:00,0,Ryanair,145,2025-08-31T18:45:00,2025-08-31T21:10:00,0
435,Milan Malpensa,446.33,Wizz Air Malta,135,2025-08-22T09:15:00,2025-08-22T11:30:00,0,Ryanair,145,2025-08-31T18:45:00,2025-08-31T21:10:00,0
436,Milan Malpensa,515.92,Ryanair,130,2025-08-22T14:45:00,2025-08-22T16:55:00,0,Ryanair,145,2025-08-31T22:30:00,2025-09-01T00:55:00,0
437,Milan Malpensa,515.92,Ryanair,130,2025-08-22T05:45:00,2025-08-22T07:55:00,0,Ryanair,145,2025-08-31T15:20:00,2025-08-31T17:45:00,0
438,Milan Malpensa,515.92,Ryanair,130,2025-08-22T05:45:00,2025-08-22T07:55:00,0,Ryanair,145,2025-08-31T22:30:00,2025-09-01T00:55:00,0
439,Milan Malpensa,595.92,Ryanair,130,2025-08-22T05:45:00,2025-08-22T07:55:00,0,Ryanair,145,2025-08-31T18:45:00,2025-08-31T21:10:00,0
